Los Angeles, California,846652.0,6118
Sioux, Iowa,243082.0,2
Crittenden, Arkansas,141410.0,143
Polk, Georgia,180356.0,0
Lee, Iowa,119266.0,27
Fulton, Kentucky,59276.0,1
Webb, Texas,189889.0,39
La Salle, Illinois,158473.0,50
Franklin, Virginia,301604.0,61
Fayette, West Virginia,94318.0,72
Caddo, Oklahoma,85162.0,21
Johnson, Tennessee,172283.0,40
Lucas, Ohio,150132.0,90
Titus, Texas,201211.0,61
Rowan, Kentucky,162967.0,3
Dade, Missouri,150759.0,29
Blount, Tennessee,362595.0,402
Greene, Pennsylvania,166528.0,0
Williamsburg, South Carolina,107883.0,126
Hampton, South Carolina,110058.0,47
Lake, Colorado,425920.0,8
Dallas, Iowa,336619.0,34
Madison, Ohio,270449.0,14
Lee, Georgia,258174.0,51
White, Illinois,94486.0,27
Pike, Arkansas,133325.0,2
Yamhill, Oregon,511874.0,53
Mississippi, Arkansas,113076.0,16
Brown, Texas,178208.0,20
Mcintosh, Oklahoma,130765.0,24
Appling, Georgia,139468.0,20
Camp, Texas,171562.0,4
Meigs, Tennessee,269892.0,49
Mcminn, Tennessee,201043.0,95
Orange, Texas,204502.0,90
Emmet, Michigan,343953.0,20
Tyler, Texas,167001.0,90
Adams, Washington,296042.0,15
Clay, Iowa,162712.0,9
Lowndes, Georgia,188489.0,62
Buena Vista, Iowa,161579.0,11
Baraga, Michigan,165874.0,2
Wahkiakum, Washington,417282.0,4
Bibb, Georgia,148211.0,924
Reeves, Texas,209860.0,3
Pottawatomie, Oklahoma,147203.0,44
Defiance, Ohio,174434.0,13
Harlan, Kentucky,57562.0,3
Tama, Iowa,145308.0,36
York, Pennsylvania,262621.0,3
Brooke, West Virginia,112678.0,3
Fresno, California,389801.0,1213
Flathead, Montana,687099.0,189
Lawrence, Pennsylvania,156476.0,0
Wayne, Kentucky,118638.0,1
Monroe, Ohio,143017.0,7
Dupage, Illinois,361800.0,80
Camden, New Jersey,287162.0,2
Washington, Maryland,297410.0,285
San Patricio, Texas,204011.0,45
Latah, Idaho,496754.0,16
Callahan, Texas,179095.0,9
Broward, Florida,427149.0,313
Cape Girardeau, Missouri,220510.0,38
Lincoln, Montana,388438.0,20
Major, Oklahoma,125904.0,4
Richland, South Carolina,235607.0,1977
Cass, Michigan,210750.0,52
Greene, Indiana,163082.0,2
Hamilton, Florida,158891.0,58
Stark, Illinois,88426.0,6
Webster, Georgia,121137.0,0
Christian, Kentucky,159842.0,22
Cochise, Arizona,241670.0,189
Carlisle, Kentucky,114495.0,0
Tuscaloosa, Alabama,237154.0,215
Texas, Missouri,179940.0,28
Crawford, Illinois,105164.0,1
Otero, Colorado,148856.0,6
Thomas, Kansas,162415.0,7
Greene, Missouri,231387.0,47
Yavapai, Arizona,506134.0,249
Chaves, New Mexico,150179.0,47
Surry, Virginia,240230.0,4
Reagan, Texas,192629.0,6
Judith Basin, Montana,304671.0,2
Bay, Florida,358692.0,357
Oswego, New York,163974.0,51
Warren, New Jersey,349473.0,0
Grays Harbor, Washington,363058.0,43
Grant, Wisconsin,190130.0,41
Sweetwater, Wyoming,309966.0,23
Amherst, Virginia,228411.0,40
Clinton, Missouri,237266.0,18
Richland, Illinois,118760.0,20
Crawford, Indiana,142577.0,28
Butler, Ohio,273026.0,37
Wicomico, Maryland,226674.0,90
Itasca, Minnesota,219075.0,29
Greenbrier, West Virginia,153895.0,2
Montgomery, Kansas,78259.0,11
Hardee, Florida,185578.0,49
Fayette, Illinois,104831.0,2
Mariposa, California,442727.0,107
Madison, Illinois,172856.0,150
Indiana, Pennsylvania,163006.0,2
Umatilla, Oregon,302547.0,61
Walker, Alabama,159444.0,84
Geary, Kansas,193353.0,15
Codington, South Dakota,282236.0,6
White, Tennessee,206599.0,60
Greenwood, South Carolina,163498.0,211
Pike, Pennsylvania,281495.0,0
Hamilton, Iowa,143451.0,5
Barnes, North Dakota,145971.0,1
Taliaferro, Georgia,125294.0,5
Oakland, Michigan,336802.0,25
Champaign, Illinois,191512.0,91
Christian, Missouri,305428.0,53
Meigs, Ohio,116468.0,25
Leon, Florida,272280.0,362
Hall, Georgia,383536.0,267
Claiborne, Tennessee,172794.0,71
Calhoun, South Carolina,247918.0,35
Brazoria, Texas,317526.0,167
Indian River, Florida,398572.0,355
Van Zandt, Texas,249940.0,0
Henry, Virginia,130933.0,128
Blair, Pennsylvania,148461.0,1
Somerset, Maine,186938.0,31
Bernalillo, New Mexico,316571.0,916
Gloucester, New Jersey,311929.0,1
Fayette, Georgia,454425.0,51
Mendocino, California,536931.0,254
Kershaw, South Carolina,193538.0,104
Herkimer, New York,154566.0,6
Wilson, Texas,447282.0,26
Monroe, Tennessee,237147.0,174
Lowndes, Alabama,102788.0,68
Williamson, Tennessee,830161.0,75
Summit, Utah,1418860.0,34
Carbon, Montana,471284.0,11
Maricopa, Arizona,461085.0,1389
Nicholas, West Virginia,85484.0,154
Dixie, Florida,165823.0,84
Caldwell, Missouri,182518.0,24
Lake, Tennessee,80022.0,4
Oldham, Kentucky,396431.0,0
Talbot, Maryland,445181.0,8
Arkansas, Arkansas,111445.0,13
Delaware, Iowa,208555.0,14
Mclean, North Dakota,202919.0,6
Dawson, Montana,215557.0,8
Clinton, Michigan,271263.0,37
Winona, Minnesota,234793.0,11
Haskell, Oklahoma,125450.0,9
Washington, Kentucky,180172.0,4
Evans, Georgia,142240.0,6
Mitchell, Texas,94179.0,1
Ellis, Oklahoma,103272.0,3
Hernando, Florida,341961.0,457
Calumet, Wisconsin,221101.0,18
Jefferson, Georgia,102880.0,36
Bath, Virginia,185802.0,3
Jefferson, Washington,627444.0,28
Sussex, Virginia,161856.0,16
Cape May, New Jersey,639298.0,0
Loudon, Tennessee,393598.0,76
Jones, Texas,121740.0,5
Pulaski, Arkansas,186366.0,412
Berrien, Michigan,254561.0,137
Hickory, Missouri,157144.0,3
Rock, Minnesota,202578.0,4
Johnson, Texas,344971.0,189
Morrow, Oregon,278268.0,28
Frederick, Maryland,465360.0,156
Emanuel, Georgia,112563.0,4
Wright, Iowa,110834.0,2
Madison, Missouri,136912.0,11
Cherokee, Iowa,142520.0,4
Iron, Missouri,124043.0,4
Sac, Iowa,129659.0,8
Lincoln, Colorado,222937.0,2
Allen, Indiana,212108.0,167
Lauderdale, Alabama,189292.0,37
Marion, South Carolina,113615.0,91
Escambia, Florida,261302.0,1400
Sauk, Wisconsin,277191.0,33
Washington, Vermont,360950.0,0
Ware, Georgia,121409.0,92
Howard, Iowa,144430.0,1
Mineral, Colorado,416526.0,1
Orange, California,1047950.0,271
Erie, New York,252286.0,49
Lorain, Ohio,219701.0,55
York, South Carolina,378675.0,356
Shasta, California,376011.0,527
Kenosha, Wisconsin,277344.0,89
Wayne, Ohio,446497.0,66
Hopkins, Texas,195469.0,36
Johnson, Arkansas,146972.0,37
Minidoka, Idaho,299696.0,19
Grainger, Tennessee,205421.0,42
Juab, Utah,442919.0,6
Cascade, Montana,300479.0,29
Auglaize, Ohio,213295.0,6
Lee, South Carolina,120370.0,60
Atlantic, New Jersey,315577.0,1
Baldwin, Alabama,373853.0,163
Hanover, Virginia,387159.0,101
Boone, Arkansas,180480.0,199
Summers, West Virginia,90445.0,18
Humboldt, California,489007.0,273
Morgan, Alabama,218157.0,143
Shelby, Kentucky,299386.0,21
Lawrence, Arkansas,94738.0,12
Hill, Montana,300505.0,37
Schenectady, New York,247716.0,0
De Kalb, Indiana,213046.0,10
Tallapoosa, Alabama,197820.0,21
Schoharie, New York,198020.0,6
Pike, Ohio,156900.0,33
Washington, Georgia,128311.0,12
Randolph, Arkansas,120735.0,33
Karnes, Texas,189589.0,13
Hood River, Oregon,680042.0,10
Atchison, Kansas,133852.0,6
Green, Wisconsin,252389.0,3
Custer, Oklahoma,156010.0,22
Johnson, Kentucky,110562.0,3
Maury, Tennessee,412122.0,171
Saline, Kansas,181360.0,20
Barron, Wisconsin,242913.0,4
Mcduffie, Georgia,185457.0,37
Volusia, Florida,351557.0,589
Rock, Wisconsin,209062.0,49
Knox, Ohio,233592.0,56
Sutter, California,444840.0,87
Cattaraugus, New York,133740.0,39
Douglas, Washington,535450.0,18
Montezuma, Colorado,390529.0,17
Appanoose, Iowa,104119.0,17
Roberts, South Dakota,214040.0,3
Mower, Minnesota,179625.0,9
Fayette, Ohio,174315.0,37
Glenn, California,382922.0,81
Benton, Arkansas,348646.0,125
Jasper, Missouri,194967.0,139
Saline, Illinois,83281.0,20
Adair, Kentucky,137960.0,0
Carroll, Illinois,131766.0,2
Adams, Wisconsin,204199.0,20
Alamosa, Colorado,275995.0,2
Kingman, Kansas,129911.0,7
Brooks, Texas,88479.0,1
Kearney, Nebraska,223474.0,5
Crane, Texas,184827.0,0
Santa Fe, New Mexico,539147.0,74
Tuolumne, California,407877.0,173
Tuscola, Michigan,146816.0,47
Chesterfield, South Carolina,156363.0,146
Logan, Kentucky,148382.0,15
Rabun, Georgia,343576.0,15
Centre, Pennsylvania,318779.0,0
Charles, Maryland,423296.0,497
Door, Wisconsin,337263.0,8
Outagamie, Wisconsin,278279.0,20
Gallatin, Montana,670059.0,103
Dubuque, Iowa,246149.0,16
Grimes, Texas,290970.0,27
Northampton, Pennsylvania,318487.0,0
Franklin, Vermont,330640.0,26
Polk, Texas,187106.0,82
Dodge, Nebraska,209875.0,9
Cheboygan, Michigan,210731.0,23
Floyd, Texas,71504.0,11
Bent, Colorado,108079.0,11
Wood, Ohio,236759.0,26
Hunt, Texas,302299.0,148
Uintah, Utah,326451.0,40
Cowley, Kansas,111574.0,23
Carroll, Tennessee,137364.0,47
Kent, Maryland,312064.0,7
Yakima, Washington,337645.0,148
San Juan, New Mexico,214012.0,609
Lake, California,349066.0,221
Hardin, Texas,250217.0,52
Stevens, Washington,377353.0,22
Neosho, Kansas,103250.0,9
Grant, Minnesota,189846.0,1
Hawaii, Hawaii,602647.0,508
Nye, Nevada,378320.0,61
Texas, Oklahoma,148656.0,2
Stafford, Kansas,88940.0,4
Canyon, Idaho,408074.0,94
Lane, Oregon,461334.0,331
Sumter, Florida,438197.0,259
Decatur, Georgia,152720.0,46
Chouteau, Montana,221675.0,0
Kimble, Texas,269837.0,3
Madison, Florida,168283.0,158
Mason, Michigan,215292.0,36
Alcona, Michigan,166210.0,13
Howard, Missouri,175442.0,10
Niagara, New York,211359.0,59
Jackson, Georgia,374314.0,72
Hancock, Maine,365605.0,4
Bennington, Vermont,334551.0,1
Calhoun, Florida,160733.0,22
Buffalo, Wisconsin,194768.0,11
Robertson, Kentucky,146756.0,0
Coffee, Georgia,156086.0,107
Wapello, Iowa,101684.0,22
Delta, Colorado,392117.0,20
Dickinson, Michigan,149111.0,2
Churchill, Nevada,385350.0,26
Pacific, Washington,321864.0,26
Gibson, Tennessee,140843.0,75
Dawson, Nebraska,167696.0,14
Nelson, Virginia,326804.0,25
Northampton, Virginia,255343.0,7
Iron, Michigan,124596.0,5
Dodge, Wisconsin,238437.0,41
Coffee, Tennessee,269746.0,77
Stone, Missouri,268048.0,78
Grant, New Mexico,183829.0,18
Lake, Illinois,322140.0,101
Polk, Wisconsin,275726.0,28
Hudson, New Jersey,587195.0,0
Jefferson, Missouri,242688.0,380
Lewis, Kentucky,97410.0,2
Vinton, Ohio,133536.0,13
Lewis, Missouri,154185.0,1
Jack, Texas,195868.0,6
Gloucester, Virginia,333335.0,29
Whatcom, Washington,641064.0,150
Isanti, Minnesota,332852.0,17
Oneida, Wisconsin,264731.0,41
Franklin, Georgia,238814.0,12
Wyoming, West Virginia,40997.0,50
Crawford, Wisconsin,178173.0,15
Knox, Maine,375634.0,16
Lauderdale, Tennessee,115085.0,61
Dane, Wisconsin,389051.0,65
Mccook, South Dakota,241432.0,3
Ottawa, Michigan,342001.0,533
Dunklin, Missouri,94046.0,12
Montgomery, Kentucky,178748.0,14
Lee, Kentucky,105085.0,0
Rio Blanco, Colorado,327996.0,0
Salem, New Jersey,240028.0,1
Dodge, Minnesota,312155.0,6
Refugio, Texas,137399.0,5
Tift, Georgia,196608.0,72
Park, Wyoming,407710.0,26
Marengo, Alabama,128032.0,52
Benzie, Michigan,305623.0,20
Onondaga, New York,213516.0,210
Kankakee, Illinois,192511.0,49
Pierce, Wisconsin,305840.0,11
Socorro, New Mexico,170393.0,24
Bulloch, Georgia,218871.0,33
Allen, Kansas,95547.0,12
Early, Georgia,120515.0,31
Blaine, Oklahoma,83482.0,8
Mclean, Illinois,220524.0,24
Adams, Illinois,160988.0,37
Hamblen, Tennessee,232355.0,111
Montrose, Colorado,426511.0,8
Randolph, West Virginia,119914.0,75
Sumner, Kansas,122136.0,33
Russell, Kentucky,138255.0,3
Morgan, Ohio,144755.0,29
Comanche, Texas,201176.0,2
Montgomery, Missouri,154819.0,1
Daviess, Missouri,196771.0,6
Union, New Jersey,516168.0,0
Shenandoah, Virginia,296021.0,32
Prince Edward, Virginia,231755.0,26
Burleson, Texas,237436.0,22
Faribault, Minnesota,143794.0,8
Kearny, Kansas,198371.0,7
Sequatchie, Tennessee,215622.0,24
Traill, North Dakota,156263.0,5
Woodson, Kansas,96004.0,4
Martin, Florida,494932.0,323
Lenawee, Michigan,227947.0,45
Lewis, West Virginia,108961.0,4
Emmet, Iowa,107043.0,10
Anne Arundel, Maryland,461028.0,2
Graham, Arizona,295264.0,8
King George, Virginia,428770.0,32
Meriwether, Georgia,160801.0,52
Grundy, Missouri,73764.0,0
Benton, Oregon,528850.0,21
Burnet, Texas,431546.0,46
Stark, North Dakota,305805.0,4
Mahaska, Iowa,151146.0,15
Deer Lodge, Montana,221216.0,50
Woodbury, Iowa,166555.0,27
Bowie, Texas,176158.0,121
Clinton, Ohio,202898.0,4
Richland, Montana,392715.0,8
Sherburne, Minnesota,359374.0,27
Upson, Georgia,136482.0,23
Essex, Vermont,170178.0,0
Ramsey, Minnesota,325436.0,79
Laurens, Georgia,165471.0,73
Morton, North Dakota,291826.0,12
Benton, Missouri,165297.0,44
Dickinson, Kansas,151488.0,16
Alleghany, Virginia,147052.0,9
Dakota, Minnesota,386775.0,27
Glynn, Georgia,329677.0,0
Fulton, Ohio,209034.0,24
Crawford, Ohio,123230.0,0
Howell, Missouri,179440.0,68
Perry, Tennessee,142801.0,10
Adair, Iowa,135231.0,4
Berkeley, West Virginia,279431.0,80
Branch, Michigan,177515.0,9
Hardin, Tennessee,178945.0,57
San Juan, Washington,932907.0,9
Rio Grande, Colorado,281264.0,1
Whitfield, Georgia,224908.0,138
Hancock, West Virginia,119448.0,9
Klickitat, Washington,479098.0,4
Cumberland, Virginia,230539.0,12
Anderson, Tennessee,262366.0,109
Delaware, Oklahoma,209167.0,53
Houston, Minnesota,278008.0,8
Dale, Alabama,135827.0,44
Renville, Minnesota,166193.0,6
Saratoga, New York,377625.0,95
Cumberland, New Jersey,224056.0,0
Rusk, Texas,189712.0,98
Grady, Georgia,196520.0,30
Greene, Illinois,88856.0,2
Johnson, Kansas,401517.0,46
Etowah, Alabama,143904.0,104
Powell, Montana,283304.0,6
Harrison, Texas,199766.0,61
Marshall, Iowa,144936.0,26
Letcher, Kentucky,54359.0,0
Burt, Nebraska,146322.0,7
Baca, Colorado,133063.0,3
San Bernardino, California,521137.0,862
Brazos, Texas,295618.0,38
Cheshire, New Hampshire,322755.0,0
Clayton, Iowa,161317.0,9
Aitkin, Minnesota,254834.0,13
Wayne, Missouri,137068.0,28
Montcalm, Michigan,196078.0,40
Dallas, Alabama,74841.0,109
Palo Pinto, Texas,219169.0,7
Sumter, Georgia,117924.0,18
Nottoway, Virginia,173955.0,11
Elmore, Alabama,228967.0,60
Ross, Ohio,182214.0,104
Cheatham, Tennessee,348382.0,110
Brown, South Dakota,233386.0,4
Southampton, Virginia,212008.0,18
Edgar, Illinois,79160.0,4
Sierra, California,379898.0,5
Jefferson, Ohio,119417.0,3
Hopkins, Kentucky,124551.0,8
Okaloosa, Florida,374258.0,512
Waseca, Minnesota,238051.0,6
Mountrail, North Dakota,226282.0,5
Eureka, Nevada,220395.0,6
Audrain, Missouri,142300.0,17
Berrien, Georgia,154903.0,20
Pepin, Wisconsin,211466.0,6
Douglas, Colorado,751032.0,292
Mecklenburg, Virginia,157343.0,53
Union, South Dakota,344505.0,4
Pierce, Washington,554794.0,1255
Cameron, Texas,180071.0,181
Johnson, Wyoming,369013.0,12
Prairie, Arkansas,104989.0,4
Gentry, Missouri,129142.0,1
Henderson, Tennessee,172596.0,76
Charlevoix, Michigan,292094.0,20
Todd, Minnesota,234376.0,9
Waushara, Wisconsin,206099.0,22
Leslie, Kentucky,61419.0,3
Montgomery, Arkansas,146053.0,10
Haskell, Texas,82680.0,4
Warren, New York,327282.0,48
Houghton, Michigan,163748.0,6
Wabasha, Minnesota,283409.0,9
Gaines, Texas,226817.0,6
Wilson, Kansas,89904.0,5
Johnson, Nebraska,167354.0,4
Wayne, New York,195368.0,63
Clear Creek, Colorado,602831.0,15
Lucas, Iowa,123349.0,13
Alameda, California,1178968.0,675
Carroll, Georgia,285073.0,159
Mason, West Virginia,112939.0,18
Pike, Georgia,304612.0,13
Stone, Mississippi,157214.0,37
Madison, Virginia,348976.0,10
Clay, Kentucky,77247.0,1
Zapata, Texas,128938.0,25
Limestone, Alabama,296233.0,154
Calaveras, California,481186.0,200
Lagrange, Indiana,301677.0,38
Marshall, Minnesota,165625.0,4
Schuyler, Illinois,128172.0,1
Ellsworth, Kansas,136469.0,8
Goshen, Wyoming,237010.0,31
Columbia, Washington,285951.0,18
Dougherty, Georgia,118514.0,1
Beckham, Oklahoma,144281.0,5
Gonzales, Texas,213229.0,17
Dawson, Texas,113192.0,2
Twiggs, Georgia,108977.0,16
Cleveland, Oklahoma,235108.0,61
Muscogee, Georgia,161463.0,0
White, Arkansas,170564.0,146
Okanogan, Washington,356286.0,33
Henry, Tennessee,176918.0,53
Wasatch, Utah,861401.0,16
Washington, Florida,190658.0,44
Kleberg, Texas,143150.0,48
Live Oak, Texas,202134.0,9
Greenwood, Kansas,87539.0,17
Riverside, California,603773.0,775
Blue Earth, Minnesota,283259.0,17
Drew, Arkansas,137456.0,21
Buckingham, Virginia,198996.0,16
Moffat, Colorado,291642.0,8
Prowers, Colorado,138693.0,12
Grayson, Texas,288035.0,76
Jefferson, West Virginia,348661.0,41
Scott, Virginia,130784.0,15
Llano, Texas,440520.0,9
Clark, Illinois,119484.0,5
Floyd, Virginia,217735.0,29
Franklin, Idaho,410436.0,1
Smith, Texas,257714.0,252
Newton, Missouri,193229.0,111
Routt, Colorado,970758.0,1
Marion, Ohio,148268.0,22
Tioga, Pennsylvania,202892.0,0
Union, Tennessee,232732.0,46
Ida, Iowa,105396.0,9
Adams, Idaho,500459.0,13
Carroll, New Hampshire,431417.0,9
Madera, California,421851.0,451
Cowlitz, Washington,421983.0,92
Jefferson, Wisconsin,301143.0,42
Worcester, Maryland,417162.0,18
Union, Arkansas,110988.0,49
Barbour, Alabama,132342.0,34
Montague, Texas,184660.0,49
Howard, Arkansas,113217.0,8
Pipestone, Minnesota,128413.0,1
Van Buren, Iowa,133668.0,4
Harper, Kansas,72838.0,1
Habersham, Georgia,226242.0,44
Silver Bow, Montana,244195.0,169
Summit, Ohio,201500.0,59
Geauga, Ohio,329819.0,19
Clarion, Pennsylvania,132610.0,0
Aransas, Texas,323296.0,68
Lancaster, Virginia,330333.0,29
Greene, Alabama,100670.0,32
Calhoun, Alabama,144143.0,18
Clay, Illinois,93271.0,3
Anderson, Kentucky,214288.0,3
Putnam, Florida,211920.0,169
Steele, Minnesota,257151.0,10
Bureau, Illinois,120755.0,17
Mille Lacs, Minnesota,261711.0,35
Clay, Tennessee,150285.0,19
Coal, Oklahoma,118562.0,3
Columbia, Florida,243166.0,199
Ashley, Arkansas,77601.0,23
Houston, Texas,166186.0,5
Clark, Ohio,168947.0,21
Pittsylvania, Virginia,186293.0,61
Warren, Virginia,333887.0,30
Mckinley, New Mexico,217367.0,123
Barry, Michigan,277062.0,42
Mcleod, Minnesota,263141.0,11
Russell, Virginia,132426.0,35
Cleburne, Arkansas,211120.0,88
Washakie, Wyoming,237913.0,4
Lewis, Washington,402757.0,56
Clare, Michigan,121422.0,79
Payette, Idaho,381113.0,14
Polk, Arkansas,139231.0,30
Smith, Tennessee,231866.0,26
Barren, Kentucky,181183.0,13
Sanilac, Michigan,169267.0,48
Jim Wells, Texas,135055.0,112
Effingham, Illinois,198892.0,11
Marion, Iowa,218843.0,42
Elbert, Colorado,758590.0,22
Marion, Arkansas,177481.0,48
Lake, South Dakota,270633.0,12
Custer, Montana,214927.0,5
Owyhee, Idaho,407645.0,24
Northumberland, Pennsylvania,151975.0,0
Wood, Texas,235987.0,41
Menominee, Michigan,141007.0,19
Boone, Kentucky,301639.0,65
Clay, Minnesota,260698.0,7
Logan, Ohio,207336.0,20
Gratiot, Michigan,136631.0,36
Cleburne, Alabama,170711.0,6
Macon, Georgia,74750.0,0
Bracken, Kentucky,132653.0,2
Menominee, Wisconsin,406454.0,0
Wayne, Michigan,160541.0,1
Polk, Iowa,260992.0,113
Jefferson, Tennessee,259165.0,100
Macoupin, Illinois,112869.0,11
Saluda, South Carolina,168511.0,38
Ripley, Missouri,159063.0,32
Pondera, Montana,231097.0,1
Scott, Mississippi,109481.0,25
Missaukee, Michigan,179632.0,30
Wyoming, New York,173830.0,21
Union, Georgia,348706.0,14
Pendleton, Kentucky,166581.0,4
Nassau, Florida,506105.0,179
Trempealeau, Wisconsin,227735.0,15
Greene, Ohio,257392.0,36
Crockett, Tennessee,135467.0,36
Crowley, Colorado,117751.0,6
Dolores, Colorado,238499.0,7
Lauderdale, Mississippi,122181.0,45
Wayne, Indiana,140550.0,14
Wasco, Oregon,385343.0,25
Randolph, Alabama,149898.0,6
Morgan, West Virginia,205018.0,47
Charlotte, Virginia,179599.0,16
Santa Clara, California,1557005.0,383
Alachua, Florida,296522.0,617
Washington, Tennessee,260644.0,184
Perry, Ohio,180749.0,12
Barnwell, South Carolina,144409.0,87
Scott, Arkansas,114062.0,22
Deuel, South Dakota,202428.0,5
Lake Of The Woods, Minnesota,211377.0,1
Adams, Ohio,146514.0,13
Wilkes, Georgia,144144.0,19
Pratt, Kansas,114018.0,5
Perry, Illinois,92324.0,6
Marion, Kansas,120474.0,4
Dallam, Texas,125181.0,0
Teton, Montana,346561.0,13
Iron, Wisconsin,203575.0,3
Westmoreland, Pennsylvania,221729.0,0
Creek, Oklahoma,166113.0,54
Campbell, Wyoming,333672.0,105
Hart, Kentucky,141597.0,7
Pawnee, Oklahoma,136015.0,22
Dallas, Arkansas,59616.0,2
Hale, Alabama,144954.0,17
Lincoln, Arkansas,104433.0,5
Cullman, Alabama,212072.0,73
Chisago, Minnesota,373766.0,6
Greene, Arkansas,160729.0,33
Hancock, Illinois,108517.0,7
Erie, Pennsylvania,183949.0,0
Morgan, Colorado,345145.0,21
Floyd, Iowa,140549.0,2
Morris, New Jersey,566510.0,0
Henderson, Texas,290569.0,201
Huron, Michigan,155474.0,18
Oceana, Michigan,203543.0,28
Frio, Texas,126394.0,11
Merrick, Nebraska,192363.0,2
Broadwater, Montana,450462.0,22
Bingham, Idaho,370149.0,28
Bee, Texas,178392.0,42
Summit, Colorado,1039803.0,45
Hinsdale, Colorado,495967.0,1
Hunterdon, New Jersey,514984.0,0
El Dorado, California,677827.0,206
Cass, Minnesota,260661.0,44
Humphreys, Tennessee,204035.0,35
Polk, Oregon,474148.0,71
Barrow, Georgia,328743.0,238
Jackson, Kentucky,134368.0,5
San Augustine, Texas,180910.0,27
Ionia, Michigan,219713.0,77
Colbert, Alabama,160826.0,58
Cocke, Tennessee,168684.0,146
Mitchell, Georgia,120641.0,33
Cayuga, New York,181491.0,40
Fulton, Illinois,94011.0,12
Wayne, Georgia,180954.0,156
Fayette, Iowa,135921.0,11
Snohomish, Washington,742475.0,562
Williamson, Illinois,133696.0,8
Mercer, Ohio,235913.0,5
Teller, Colorado,509278.0,25
Parmer, Texas,149787.0,1
Carver, Minnesota,448595.0,34
Atascosa, Texas,257397.0,77
Warren, Missouri,295358.0,77
Lamoille, Vermont,401552.0,13
Audubon, Iowa,106859.0,3
Pierce, Georgia,201617.0,54
Grant, Kansas,141750.0,5
Grant, Indiana,115705.0,28
Chilton, Alabama,177365.0,168
Bailey, Texas,116866.0,2
Richland, Ohio,171889.0,57
Douglas, Nevada,693206.0,65
Marshall, Tennessee,275976.0,26
Kern, California,340479.0,2187
Geneva, Alabama,127138.0,58
Harrison, Mississippi,204886.0,41
Greene, Georgia,566805.0,10
Middlesex, Virginia,352498.0,14
Kings, California,339678.0,165
Madison, New York,202377.0,21
Coshocton, Ohio,162796.0,37
Sagadahoc, Maine,367254.0,5
Cooper, Missouri,190903.0,5
Washburn, Wisconsin,250496.0,40
Merrimack, New Hampshire,414993.0,1
Campbell, Kentucky,253140.0,0
Banks, Georgia,294995.0,43
San Mateo, California,1655304.0,311
Cobb, Georgia,421179.0,7
Lake, Michigan,135246.0,33
Boulder, Colorado,766848.0,94
Scioto, Ohio,117691.0,49
Warren, Pennsylvania,128266.0,0
Powell, Kentucky,117558.0,0
Nevada, California,652611.0,174
Walker, Georgia,208045.0,237
Butler, Kansas,225728.0,49
Union, Pennsylvania,256537.0,0
Carter, Kentucky,106294.0,7
Newton, Texas,135299.0,10
Story, Iowa,235708.0,14
Caroline, Virginia,308965.0,39
Bosque, Texas,196018.0,4
Morgan, Kentucky,122018.0,0
Crawford, Georgia,184183.0,15
Cedar, Nebraska,185673.0,1
Houston, Tennessee,174117.0,12
Saginaw, Michigan,148785.0,85
Muskegon, Michigan,216216.0,64
Dekalb, Missouri,202496.0,7
Oconee, South Carolina,271375.0,153
Nicollet, Minnesota,299179.0,7
Miller, Missouri,203693.0,28
Webster, Kentucky,87566.0,1
Maries, Missouri,206999.0,12
Valley, Montana,255144.0,9
Toole, Montana,145858.0,22
Adams, Pennsylvania,286312.0,0
Panola, Texas,188570.0,43
Hughes, South Dakota,292893.0,1
Lunenburg, Virginia,144616.0,13
Keokuk, Iowa,108016.0,6
Jackson, Minnesota,179946.0,7
Hennepin, Minnesota,374167.0,14
Spokane, Washington,438554.0,148
Solano, California,606756.0,105
Caroline, Maryland,268917.0,20
Houston, Georgia,219776.0,98
Tom Green, Texas,198482.0,19
Sumter, South Carolina,179844.0,403
Grand Traverse, Michigan,410614.0,143
Grayson, Virginia,163771.0,13
Rich, Utah,562426.0,3
Jefferson, Alabama,215049.0,700
Rockwall, Texas,459040.0,22
Calloway, Kentucky,183692.0,19
Gunnison, Colorado,637001.0,5
Pike, Illinois,95091.0,5
Watonwan, Minnesota,152552.0,2
Pasco, Florida,348646.0,1377
Weber, Utah,465848.0,51
Marathon, Wisconsin,227945.0,22
Citrus, Florida,291082.0,399
Douglas, Missouri,160939.0,20
Teton, Idaho,710343.0,13
Grant, Washington,358128.0,99
Pittsburg, Oklahoma,120411.0,58
Bradley, Arkansas,82644.0,8
Antelope, Nebraska,153112.0,7
Hall, Texas,66468.0,5
Santa Cruz, California,1230425.0,288
Calhoun, Michigan,164953.0,115
Augusta, Virginia,318911.0,79
Moody, South Dakota,250730.0,2
Beaver, Pennsylvania,178613.0,3
Bacon, Georgia,133596.0,15
Harper, Oklahoma,83455.0,1
Shawnee, Kansas,172810.0,79
Jefferson, Arkansas,85288.0,71
Shelby, Ohio,220339.0,22
Cortland, New York,173297.0,18
Fannin, Georgia,410008.0,12
Izard, Arkansas,122996.0,35
Carroll, Kentucky,133771.0,1
Oscoda, Michigan,116840.0,11
Crosby, Texas,76075.0,1
Bell, Kentucky,80499.0,15
Worth, Georgia,160180.0,44
Noble, Oklahoma,118305.0,8
Lyon, Kentucky,199686.0,0
Marshall, Alabama,199866.0,102
Grand Isle, Vermont,402113.0,1
Racine, Wisconsin,214919.0,66
Newton, Georgia,299740.0,357
Starr, Texas,105912.0,94
Bates, Missouri,182266.0,36
Newberry, South Carolina,198539.0,47
Granite, Montana,419066.0,3
Sumner, Tennessee,438946.0,127
Sanpete, Utah,365412.0,2
Schuyler, New York,199653.0,5
Henry, Georgia,342752.0,0
Seminole, Georgia,136533.0,30
Edmunds, South Dakota,196219.0,1
Fulton, Georgia,443808.0,11
Clark, Wisconsin,157258.0,12
Crawford, Missouri,182536.0,23
Carbon, Wyoming,236438.0,8
Mccracken, Kentucky,178386.0,43
Jo Daviess, Illinois,218674.0,2
Gulf, Florida,359223.0,27
Meade, South Dakota,332743.0,41
Washington, Illinois,143917.0,27
Randolph, Georgia,77706.0,9
Anderson, Texas,163503.0,48
Elko, Nevada,405535.0,38
Jeff Davis, Georgia,132797.0,13
Suffolk, New York,739403.0,41
Lumpkin, Georgia,331261.0,13
Franklin, Indiana,262515.0,3
Wyandot, Ohio,171013.0,2
Butte, South Dakota,246100.0,7
Washington, New York,211460.0,23
Keweenaw, Michigan,197211.0,1
Waupaca, Wisconsin,211438.0,49
Hutchinson, Texas,98662.0,16
Carter, Oklahoma,133185.0,15
Colusa, California,382552.0,60
Midland, Texas,288916.0,54
Garfield, Colorado,630404.0,41
Val Verde, Texas,184216.0,33
Marshall, Mississippi,136418.0,0
Lake, Minnesota,242335.0,5
Big Stone, Minnesota,150689.0,2
Collier, Florida,646262.0,957
Rogers, Oklahoma,258927.0,75
Reno, Kansas,138689.0,30
Sheridan, Wyoming,399675.0,6
Skamania, Washington,563786.0,6
Anderson, South Carolina,269227.0,738
Ulster, New York,376147.0,34
Walton, Georgia,354024.0,79
Crawford, Arkansas,171055.0,30
Pike, Missouri,159969.0,9
Maverick, Texas,199823.0,48
Wharton, Texas,212492.0,78
Charlton, Georgia,172930.0,18
Allegheny, Pennsylvania,218640.0,2
Jefferson, Kentucky,235487.0,0
Decatur, Tennessee,144377.0,15
Harford, Maryland,391688.0,350
Montgomery, Illinois,92475.0,1
Mcdonald, Missouri,162034.0,80
Lanier, Georgia,179968.0,24
Shannon, Missouri,158473.0,13
Menifee, Kentucky,118718.0,4
Donley, Texas,101186.0,2
Gallia, Ohio,151338.0,21
Wirt, West Virginia,90131.0,4
Delaware, Ohio,471978.0,60
Bartholomew, Indiana,239041.0,62
Kerr, Texas,367736.0,34
Culpeper, Virginia,415221.0,26
Redwood, Minnesota,130845.0,8
Hamilton, Nebraska,247541.0,2
Wilkinson, Georgia,111963.0,19
Clinch, Georgia,104334.0,10
Orange, Florida,412398.0,4367
Brown, Wisconsin,261734.0,76
Russell, Alabama,149073.0,45
Meade, Kentucky,248559.0,11
Crook, Oregon,417300.0,43
Colfax, New Mexico,204103.0,17
Daviess, Kentucky,187146.0,10
Kossuth, Iowa,131639.0,14
Greenlee, Arizona,152985.0,1
Custer, Colorado,395379.0,9
Manatee, Florida,496097.0,1484
Bradford, Pennsylvania,193817.0,0
Lawrence, Indiana,170270.0,69
Noble, Ohio,191044.0,1
Clearwater, Idaho,314258.0,29
Scott, Minnesota,431823.0,6
Polk, Missouri,206623.0,43
Fayette, Texas,432338.0,9
Roscommon, Michigan,142135.0,26
Henry, Kentucky,198083.0,2
Knott, Kentucky,81788.0,0
Preston, West Virginia,147182.0,54
Polk, Tennessee,199808.0,32
Bullitt, Kentucky,274347.0,33
Bedford, Tennessee,283810.0,81
Douglas, Minnesota,314691.0,21
Shelby, Illinois,135012.0,4
Pitkin, Colorado,1972747.0,5
York, Virginia,426041.0,106
Campbell, Tennessee,187640.0,61
Hart, Georgia,273299.0,46
Clayton, Georgia,238662.0,6
Troup, Georgia,189695.0,51
Hawkins, Tennessee,204471.0,74
Mcnairy, Tennessee,137931.0,100
Stephens, Georgia,182834.0,17
Todd, Kentucky,160041.0,2
Marion, Texas,153651.0,59
Searcy, Arkansas,117440.0,6
Spartanburg, South Carolina,252542.0,1031
Upshur, Texas,224145.0,101
Coosa, Alabama,154440.0,25
Winkler, Texas,136095.0,2
Echols, Georgia,145458.0,2
Ventura, California,838230.0,176
Cumberland, Maine,497717.0,23
Champaign, Ohio,206601.0,15
Nodaway, Missouri,201347.0,3
Doniphan, Kansas,138482.0,4
Yolo, California,640182.0,56
Johnson, Missouri,246847.0,18
Adair, Oklahoma,113347.0,47
Henry, Alabama,148515.0,14
Baker, Oregon,256078.0,6
Montgomery, Maryland,586892.0,0
Piatt, Illinois,189329.0,7
Rusk, Wisconsin,164872.0,19
Ozark, Missouri,219237.0,18
Somerset, New Jersey,548744.0,1
Siskiyou, California,319937.0,54
Haywood, Tennessee,133027.0,24
Grand, Colorado,743122.0,4
Gooding, Idaho,332949.0,14
Moore, Tennessee,290593.0,13
Boyle, Kentucky,189827.0,4
Mackinac, Michigan,175127.0,5
Henry, Illinois,141682.0,6
Hillsdale, Michigan,199111.0,33
Sawyer, Wisconsin,307440.0,14
Sumter, Alabama,78472.0,15
Greensville, Virginia,125912.0,12
Ferry, Washington,326837.0,2
Clarke, Alabama,134882.0,40
Ben Hill, Georgia,113360.0,17
Davis, Iowa,179102.0,2
Dodge, Georgia,121849.0,20
Cherokee, Georgia,452330.0,119
Henry, Ohio,184146.0,14
Deaf Smith, Texas,147670.0,6
Hillsborough, Florida,411251.0,2037
Davis, Utah,555354.0,36
Livingston, Michigan,375084.0,72
Robertson, Tennessee,381204.0,55
Knox, Illinois,97533.0,30
Washita, Oklahoma,81670.0,25
Weston, Wyoming,238183.0,2
Jackson, Colorado,247543.0,0
Nassau, New York,710160.0,1113
Wilbarger, Texas,100860.0,3
Kauai, Hawaii,1002877.0,183
King William, Virginia,295299.0,8
Livingston, Missouri,152028.0,1
Okfuskee, Oklahoma,103836.0,9
Essex, Virginia,260039.0,5
Livingston, Kentucky,119822.0,5
Grand Forks, North Dakota,255986.0,9
Noble, Indiana,206042.0,12
Woodford, Illinois,212458.0,11
Lawrence, Kentucky,159577.0,0
Fergus, Montana,294921.0,9
Ralls, Missouri,200366.0,9
Minnehaha, South Dakota,309930.0,60
Lewis And Clark, Montana,453703.0,99
Greene, Tennessee,200276.0,174
Delta, Michigan,148668.0,5
Monroe, Georgia,292779.0,28
Tillamook, Oregon,518093.0,16
Cross, Arkansas,123109.0,25
Harrison, Iowa,168554.0,17
Pine, Minnesota,235232.0,65
Marshall, Illinois,120884.0,5
Storey, Nevada,546838.0,34
Pima, Arizona,344560.0,650
Warren, Tennessee,181942.0,65
Gregg, Texas,213386.0,88
Lamar, Mississippi,234199.0,70
Carson City, Nevada,484320.0,191
Rio Arriba, New Mexico,239774.0,77
Cherokee, Alabama,176467.0,48
Meagher, Montana,306570.0,3
Sullivan, Tennessee,203032.0,315
Shelby, Texas,162843.0,42
Dekalb, Georgia,344517.0,0
Rockingham, New Hampshire,537916.0,5
Faulkner, Arkansas,216856.0,116
Angelina, Texas,180669.0,93
Livingston, Illinois,135230.0,20
Elk, Pennsylvania,112932.0,0
Piscataquis, Maine,174106.0,3
Jefferson, Montana,508489.0,26
Boone, Illinois,222067.0,32
Mcdonough, Illinois,93067.0,3
Wright, Missouri,175466.0,16
Leon, Texas,281722.0,19
Tarrant, Texas,343650.0,98
Florence, South Carolina,189497.0,470
Hancock, Ohio,207703.0,8
Ward, North Dakota,281446.0,37
Franklin, Tennessee,241601.0,97
Young, Texas,149944.0,3
Bourbon, Kansas,98340.0,16
Ramsey, North Dakota,197178.0,4
Chicot, Arkansas,61652.0,3
Bexar, Texas,303016.0,620
Yuba, California,414026.0,224
Tattnall, Georgia,156120.0,23
Kalkaska, Michigan,185716.0,55
Benton, Tennessee,151803.0,24
San Joaquin, California,545859.0,746
Kendall, Illinois,323411.0,78
Clay, Arkansas,82933.0,9
Mchenry, North Dakota,165342.0,1
Warren, Iowa,280187.0,52
Kanabec, Minnesota,235438.0,23
Mason, Illinois,72792.0,13
Marion, Georgia,163193.0,2
Butler, Pennsylvania,333500.0,0
Monroe, Indiana,305811.0,42
Warren, Kentucky,254151.0,37
Wagoner, Oklahoma,255850.0,42
Whitman, Washington,415330.0,15
Love, Oklahoma,165438.0,14
Shawano, Wisconsin,191371.0,36
Lee, Virginia,106594.0,24
Wabash, Illinois,120348.0,0
Denton, Texas,484565.0,72
Monroe, Pennsylvania,299975.0,0
Bannock, Idaho,331878.0,1
Muskogee, Oklahoma,115644.0,84
Plymouth, Iowa,222537.0,14
Lavaca, Texas,290240.0,13
Albany, New York,309987.0,18
Garrett, Maryland,262721.0,41
Ogemaw, Michigan,147836.0,15
Simpson, Kentucky,188526.0,12
Inyo, California,526281.0,84
Richmond, Virginia,213261.0,6
Lee, Florida,428059.0,1299
Wayne, Pennsylvania,244873.0,0
Pontotoc, Oklahoma,147647.0,27
Osceola, Michigan,148782.0,26
Scott, Tennessee,142002.0,32
Brewster, Texas,266195.0,11
Anoka, Minnesota,357700.0,48
Santa Rosa, Florida,361395.0,234
Walworth, Wisconsin,321507.0,18
Shiawassee, Michigan,165840.0,16
Dorchester, Maryland,210864.0,15
Iowa, Wisconsin,261079.0,22
Linn, Missouri,101137.0,5
Harrison, Missouri,117146.0,5
Kittson, Minnesota,98743.0,0
Carter, Tennessee,188601.0,73
Crawford, Kansas,110619.0,35
Clay, Texas,165823.0,16
Hancock, Georgia,159661.0,16
Clinton, Illinois,187712.0,15
Pulaski, Virginia,202725.0,50
Stephenson, Illinois,119445.0,9
Logan, Illinois,123574.0,20
Doddridge, West Virginia,108262.0,1
Platte, Missouri,339426.0,44
Woodward, Oklahoma,137121.0,11
Giles, Virginia,172081.0,24
Nicholas, Kentucky,129729.0,0
El Paso, Colorado,480470.0,411
Sonoma, California,812565.0,636
Laramie, Wyoming,370304.0,78
Allegany, New York,105442.0,0
Franklin, Maine,227249.0,8
Calhoun, Iowa,113566.0,7
Rensselaer, New York,278998.0,13
Flagler, Florida,403206.0,228
Chemung, New York,136972.0,9
Leavenworth, Kansas,294120.0,32
Hale, Texas,109123.0,17
Pueblo, Colorado,314260.0,34
Monroe, Michigan,233275.0,177
Scott, Kentucky,282415.0,9
Muhlenberg, Kentucky,108184.0,11
Northumberland, Virginia,413165.0,7
Antrim, Michigan,273467.0,20
Jackson, Texas,207060.0,7
Erath, Texas,263751.0,51
Sullivan, Missouri,69269.0,7
Victoria, Texas,215938.0,106
Marion, West Virginia,144283.0,103
Clark, Kentucky,209749.0,13
Fillmore, Minnesota,246444.0,16
Osage, Missouri,242671.0,2
Wilcox, Alabama,109234.0,46
Taylor, Georgia,119171.0,12
Wise, Virginia,102428.0,42
Lincoln, Oklahoma,146371.0,21
Jackson, Wisconsin,188265.0,9
Cherokee, Kansas,97682.0,30
Madison, Montana,613604.0,4
Lawrence, Missouri,171268.0,15
Cass, Missouri,307976.0,54
Campbell, Virginia,239626.0,76
Grundy, Illinois,268212.0,18
Sequoyah, Oklahoma,124941.0,101
Kinney, Texas,116509.0,5
Marin, California,1605759.0,91
Hardin, Kentucky,228860.0,12
Otero, New Mexico,184141.0,165
Smyth, Virginia,126266.0,18
Blanco, Texas,566688.0,12
Kit Carson, Colorado,237785.0,2
Hinds, Mississippi,128618.0,83
Rockcastle, Kentucky,107778.0,4
Marquette, Wisconsin,194400.0,11
Lewis, Tennessee,179634.0,30
Madison, Alabama,314139.0,380
Liberty, Georgia,203219.0,105
Chaffee, Colorado,620081.0,6
Sanders, Montana,390765.0,29
Modoc, California,194734.0,19
Tyler, West Virginia,97389.0,7
Traverse, Minnesota,80285.0,2
Taylor, Wisconsin,186218.0,15
Thurston, Nebraska,137341.0,0
Wyandotte, Kansas,182642.0,59
Walker, Texas,288687.0,73
Glascock, Georgia,167073.0,1
Chelan, Washington,578040.0,32
Gadsden, Florida,169055.0,114
Marion, Alabama,120508.0,19
Trinity, Texas,171496.0,23
Kalamazoo, Michigan,248808.0,255
Missoula, Montana,579523.0,115
Kittitas, Washington,553936.0,5
Perry, Arkansas,126571.0,41
Pierce, Nebraska,221126.0,7
Contra Costa, California,910634.0,318
Olmsted, Minnesota,326490.0,50
Union, Oregon,290758.0,6
Forsyth, Georgia,597013.0,125
Jackson, Mississippi,192921.0,138
Muscatine, Iowa,178047.0,29
Fremont, Idaho,458772.0,8
Garza, Texas,119743.0,13
Passaic, New Jersey,475121.0,0
Eaton, Michigan,235095.0,118
Sullivan, New York,289101.0,23
Preble, Ohio,197827.0,24
Horry, South Carolina,323822.0,2
Sevier, Tennessee,435526.0,194
Tipton, Tennessee,233095.0,140
Seward, Kansas,146294.0,13
Ozaukee, Wisconsin,390114.0,9
Ward, Texas,173727.0,61
Terrell, Georgia,105631.0,7
Independence, Arkansas,135273.0,176
Koochiching, Minnesota,147368.0,4
Wayne, Iowa,109583.0,13
Warren, Ohio,351315.0,60
Autauga, Alabama,246960.0,55
Boone, Iowa,191458.0,20
Dickinson, Iowa,318731.0,10
Monongalia, West Virginia,237587.0,145
Barry, Missouri,192083.0,38
Dent, Missouri,164423.0,4
Genesee, Michigan,174775.0,66
Comanche, Oklahoma,129529.0,13
Richland, North Dakota,173931.0,4
Union, Florida,226991.0,31
Webster, Nebraska,112373.0,0
Real, Texas,279272.0,2
Clay, Georgia,120280.0,8
Oklahoma, Oklahoma,210089.0,23
Appomattox, Virginia,228844.0,3
Glacier, Montana,179038.0,12
Hickman, Kentucky,103351.0,2
Stafford, Virginia,494733.0,286
Boyd, Kentucky,119236.0,14
Delaware, New York,206544.0,23
Butts, Georgia,232635.0,69
Forest, Wisconsin,185566.0,22
Worth, Iowa,142691.0,10
Lincoln, Oregon,521125.0,79
Morgan, Illinois,123056.0,24
Wetzel, West Virginia,96949.0,6
Mississippi, Missouri,94102.0,7
Glades, Florida,214450.0,31
Stephens, Texas,137365.0,4
Clark, Missouri,178709.0,24
Bergen, New Jersey,621684.0,7
Page, Iowa,109690.0,7
Harmon, Oklahoma,45815.0,3
Manitowoc, Wisconsin,189343.0,35
Caldwell, Texas,288180.0,26
Dillon, South Carolina,130194.0,175
Colorado, Texas,253230.0,36
Clarke, Georgia,302182.0,0
Mcpherson, Kansas,211137.0,5
Henry, Missouri,160373.0,74
Holmes, Florida,166828.0,64
Calhoun, West Virginia,89677.0,1
Broome, New York,163439.0,58
Macon, Illinois,115764.0,27
Lake, Indiana,225676.0,61
Suwannee, Florida,221085.0,144
Taos, New Mexico,398368.0,66
Ochiltree, Texas,148157.0,0
Jasper, Illinois,97492.0,0
Twin Falls, Idaho,383659.0,57
Chippewa, Wisconsin,265240.0,30
Fulton, New York,170764.0,22
Jasper, Iowa,174766.0,32
Orange, Vermont,274401.0,3
Park, Montana,605618.0,21
Kane, Utah,438671.0,8
Kitsap, Washington,586604.0,380
Coles, Illinois,104830.0,22
Fremont, Colorado,340844.0,42
Lafayette, Wisconsin,180094.0,14
Lamar, Alabama,110459.0,9
Pershing, Nevada,212863.0,25
Craig, Virginia,196302.0,0
Monroe, New York,221405.0,229
Wythe, Virginia,180708.0,22
Red Lake, Minnesota,152300.0,0
Lubbock, Texas,210907.0,32
Thurston, Washington,526038.0,264
Montgomery, Virginia,311055.0,43
Jennings, Indiana,180356.0,22
Hardeman, Tennessee,128428.0,72
Wayne, Tennessee,150308.0,22
Van Buren, Arkansas,130588.0,28
Wadena, Minnesota,192520.0,3
Effingham, Georgia,293715.0,49
Madison, Georgia,255593.0,41
San Jacinto, Texas,221244.0,56
Bandera, Texas,364709.0,31
Elbert, Georgia,141577.0,22
Page, Virginia,239676.0,24
Richland, Wisconsin,198087.0,1
Grundy, Tennessee,150143.0,95
Phillips, Colorado,234144.0,0
Burleigh, North Dakota,343674.0,29
Cherokee, Oklahoma,161971.0,102
Jones, Georgia,221535.0,27
Jefferson, Iowa,158373.0,0
Merced, California,410999.0,521
Coconino, Arizona,623380.0,105
Iroquois, Illinois,112725.0,21
Highlands, Florida,244422.0,250
Chambers, Alabama,97597.0,3
Madison, Iowa,254770.0,1
Roseau, Minnesota,192951.0,7
Ford, Illinois,115224.0,24
Franklin, Texas,273253.0,25
Lincoln, Georgia,231617.0,24
Pinal, Arizona,411808.0,219
Clark, Indiana,229859.0,114
Spalding, Georgia,243597.0,148
Rains, Texas,246048.0,19
Knox, Nebraska,134684.0,6
Caribou, Idaho,304469.0,0
Spink, South Dakota,142356.0,5
Lycoming, Pennsylvania,208004.0,0
Steuben, New York,153265.0,21
Yellow Medicine, Minnesota,157868.0,5
Milwaukee, Wisconsin,209244.0,63
Washington, Virginia,213160.0,57
Albany, Wyoming,348220.0,10
Jackson, West Virginia,151032.0,88
Whitley, Kentucky,129606.0,12
Botetourt, Virginia,310832.0,34
Zavala, Texas,97553.0,15
Larimer, Colorado,567356.0,180
Boone, Missouri,273928.0,101
Adair, Missouri,167967.0,10
Lincoln, New Mexico,312115.0,26
Chippewa, Minnesota,138237.0,2
Clermont, Ohio,279253.0,141
Gasconade, Missouri,195292.0,20
Lancaster, Pennsylvania,326303.0,0
Guadalupe, Texas,362136.0,67
Miami, Indiana,127239.0,11
Giles, Tennessee,194129.0,54
Chattooga, Georgia,129709.0,37
Aroostook, Maine,150644.0,6
Jerome, Idaho,337562.0,28
Archuleta, Colorado,529517.0,26
Mason, Washington,471249.0,74
Roane, Tennessee,262179.0,78
Delaware, Indiana,139311.0,59
Taney, Missouri,260752.0,101
Schley, Georgia,156008.0,5
Renville, North Dakota,156453.0,1
Hidalgo, Texas,176651.0,616
Mercer, New Jersey,357089.0,6
Halifax, Virginia,116471.0,34
Allen, Kentucky,145145.0,9
Dooly, Georgia,119381.0,9
Cass, Iowa,126780.0,16
Alger, Michigan,187616.0,0
Lincoln, Missouri,278942.0,89
Washington, Maine,161958.0,7
Gillespie, Texas,566656.0,5
Dickenson, Virginia,81234.0,17
Cotton, Oklahoma,94939.0,2
Custer, Idaho,342467.0,1
Marshall, Kentucky,193665.0,28
Lincoln, Wisconsin,188392.0,33
Unicoi, Tennessee,182754.0,50
Presque Isle, Michigan,159600.0,17
Woods, Oklahoma,104804.0,0
Miami-Dade, Florida,493999.0,5957
Yuma, Arizona,275612.0,149
Randall, Texas,244798.0,71
Pope, Arkansas,170357.0,79
Garfield, Oklahoma,112641.0,13
Lee, Texas,338655.0,25
Oglethorpe, Georgia,255944.0,32
Crawford, Michigan,151099.0,8
Cottonwood, Minnesota,157697.0,4
Latimer, Oklahoma,102315.0,14
San Juan, Colorado,509755.0,0
Mobile, Alabama,185418.0,136
Rankin, Mississippi,243562.0,48
Phelps, Missouri,204054.0,33
Floyd, Kentucky,78044.0,3
Marion, Florida,289855.0,881
Galveston, Texas,331928.0,133
Monroe, Missouri,172956.0,28
Morris, Kansas,156155.0,5
Santa Barbara, California,969684.0,272
Cherokee, Texas,196139.0,89
Tioga, New York,180891.0,18
Coweta, Georgia,370318.0,109
Waller, Texas,369514.0,33
Bradford, Florida,217619.0,55
Jackson, Oregon,435128.0,176
Deschutes, Oregon,671647.0,71
Stearns, Minnesota,294034.0,31
Tehama, California,327171.0,89
Grady, Oklahoma,190802.0,47
Putnam, Georgia,357252.0,41
Bleckley, Georgia,155935.0,21
Castro, Texas,165421.0,3
Bryan, Georgia,356829.0,87
Seminole, Oklahoma,81801.0,26
Macon, Tennessee,177614.0,51
Lac Qui Parle, Minnesota,104464.0,2
Clay, Missouri,286073.0,42
Medina, Texas,337428.0,52
Baxter, Arkansas,190105.0,73
Miami, Kansas,328914.0,31
Spencer, Kentucky,310607.0,1
Cumberland, Pennsylvania,295064.0,0
Oxford, Maine,268013.0,28
Barbour, West Virginia,100575.0,25
Franklin, Illinois,86016.0,26
Graves, Kentucky,135179.0,31
Lee, Illinois,133231.0,34
Liberty, Florida,176439.0,12
Treutlen, Georgia,99597.0,3
Lyon, Nevada,397419.0,129
Howard, Texas,184625.0,31
Fluvanna, Virginia,315985.0,38
Rockbridge, Virginia,279402.0,28
Plumas, California,421668.0,146
Putnam, Illinois,157856.0,2
Clay, South Dakota,251120.0,3
Ontonagon, Michigan,104545.0,22
Collin, Texas,546130.0,89
Trumbull, Ohio,148861.0,24
Orleans, Vermont,264247.0,0
Grayson, Kentucky,158605.0,7
Swisher, Texas,107567.0,1
Tulsa, Oklahoma,220066.0,304
Lonoke, Arkansas,193283.0,85
Harrison, West Virginia,139250.0,37
Clinton, Iowa,175112.0,38
Clarke, Iowa,152105.0,4
Fremont, Iowa,141258.0,21
Warren, Georgia,89878.0,15
Calhoun, Arkansas,83424.0,15
Emmons, North Dakota,89656.0,4
Floyd, Georgia,209468.0,33
Windsor, Vermont,342956.0,0
Montgomery, New York,163439.0,16
Idaho, Idaho,358431.0,18
Lamb, Texas,90586.0,6
Louisa, Iowa,141023.0,30
Duchesne, Utah,323524.0,34
Palo Alto, Iowa,135262.0,18
Chambers, Texas,362624.0,93
Luna, New Mexico,154562.0,59
Livingston, New York,199063.0,18
Bourbon, Kentucky,199272.0,2
Guthrie, Iowa,190234.0,6
Garfield, Washington,215158.0,3
Sacramento, California,537465.0,2612
Miami, Ohio,222717.0,25
Huntington, Indiana,172465.0,5
Vilas, Wisconsin,325662.0,0
Mono, California,711319.0,16
Seminole, Florida,410845.0,580
Clackamas, Oregon,626907.0,401
Allegany, Maryland,117165.0,41
Jessamine, Kentucky,258761.0,15
Hancock, Mississippi,204629.0,32
Ottawa, Ohio,246744.0,4
Weakley, Tennessee,146363.0,30
Hickman, Tennessee,208000.0,112
Barton, Kansas,102645.0,12
Jackson, Oklahoma,92852.0,7
Nolan, Texas,106921.0,6
Luce, Michigan,113481.0,14
Clay, Nebraska,139532.0,2
Stanton, Nebraska,227168.0,2
Wilson, Tennessee,494878.0,94
Lincoln, Kentucky,143206.0,4
Owen, Kentucky,174287.0,3
Trimble, Kentucky,189448.0,1
Washington, Wisconsin,328731.0,10
Fentress, Tennessee,162963.0,24
Towns, Georgia,341682.0,31
Runnels, Texas,98551.0,5
Lincoln, Maine,383784.0,26
Quay, New Mexico,105248.0,5
Boone, Nebraska,199993.0,4
Otsego, New York,202934.0,17
Dickson, Tennessee,303709.0,111
Harrison, Kentucky,173365.0,1
Lander, Nevada,268356.0,49
Athens, Ohio,187367.0,20
Rutland, Vermont,269887.0,3
Gladwin, Michigan,169838.0,57
Cedar, Iowa,214138.0,7
Clinton, Kentucky,105633.0,2
Fauquier, Virginia,585407.0,43
Mecosta, Michigan,195889.0,195
Logan, Colorado,267413.0,6
Johnston, Oklahoma,123440.0,6
Placer, California,705862.0,302
Coryell, Texas,233240.0,21
Ellis, Kansas,224059.0,21
Perry, Kentucky,99948.0,3
Crisp, Georgia,142339.0,12
Buchanan, Iowa,184650.0,5
Lincoln, Washington,291219.0,1
Russell, Kansas,100079.0,10
Sherman, Kansas,145438.0,2
Chautauqua, New York,161102.0,49
Houston, Alabama,185047.0,103
Osage, Kansas,164367.0,13
Roane, West Virginia,114468.0,17
Pulaski, Georgia,143167.0,57
Cumberland, Illinois,117947.0,2
Florence, Wisconsin,217551.0,1
Franklin, New York,153736.0,0
Williams, North Dakota,332938.0,15
Macon, Alabama,78494.0,23
Caldwell, Kentucky,104669.0,1
Terry, Texas,108613.0,0
Stillwater, Montana,444107.0,16
Shelby, Alabama,333477.0,98
Licking, Ohio,303604.0,60
Comal, Texas,513380.0,178
Jackson, Indiana,200110.0,17
Greenup, Kentucky,121081.0,2
Limestone, Texas,153290.0,28
Lampasas, Texas,280915.0,13
Isabella, Michigan,199203.0,64
Box Elder, Utah,448796.0,13
Brooks, Georgia,171419.0,40
Madison, Texas,255453.0,4
Yoakum, Texas,178839.0,5
Washington, Colorado,280032.0,9
Knox, Tennessee,343933.0,722
Mercer, Pennsylvania,175331.0,1
Brown, Minnesota,213057.0,0
Columbia, Arkansas,121415.0,12
Mchenry, Illinois,299074.0,68
Marquette, Michigan,225596.0,15
Camden, Missouri,363252.0,124
Cass, Texas,147230.0,20
Franklin, Kansas,205548.0,48
Abbeville, South Carolina,171050.0,25
Langlade, Wisconsin,154521.0,6
White Pine, Nevada,204871.0,18
Washington, Pennsylvania,220362.0,1
Knox, Kentucky,122476.0,14
Chickasaw, Iowa,166293.0,11
Montgomery, Ohio,169993.0,237
Matagorda, Texas,227514.0,71
Lafayette, Missouri,213553.0,10
Dallas, Missouri,188836.0,6
Hot Springs, Wyoming,225856.0,2
Logan, Oklahoma,254902.0,57
Shelby, Indiana,208410.0,50
Del Norte, California,383404.0,113
Dawes, Nebraska,170229.0,0
Will, Illinois,307703.0,144
Lake, Florida,373604.0,489
Norman, Minnesota,159275.0,0
Alpine, California,578522.0,13
Webster, Missouri,230261.0,9
Otsego, Michigan,211904.0,20
Bond, Illinois,137648.0,2
Catoosa, Georgia,258230.0,76
Jefferson, Oklahoma,67359.0,9
Hays, Texas,480613.0,145
Hot Spring, Arkansas,137756.0,38
Elmore, Idaho,342322.0,17
Winston, Alabama,154473.0,19
Macon, Missouri,154033.0,12
Hughes, Oklahoma,93369.0,11
Crook, Wyoming,369862.0,3
Essex, New Jersey,561438.0,65
Greenville, South Carolina,328528.0,1679
Ector, Texas,200019.0,91
Penobscot, Maine,243992.0,4
Callaway, Missouri,230026.0,129
Amador, California,464120.0,87
Allegan, Michigan,297406.0,92
Yankton, South Dakota,249147.0,11
Bland, Virginia,158167.0,3
Polk, Florida,321783.0,1206
Kewaunee, Wisconsin,220165.0,22
Monroe, Arkansas,83387.0,2
Kandiyohi, Minnesota,242683.0,32
Uinta, Wyoming,286042.0,2
Crawford, Iowa,136183.0,4
Massac, Illinois,95616.0,13
Little River, Arkansas,126637.0,27
Palm Beach, Florida,497525.0,1893
Garland, Arkansas,242892.0,296
Baker, Florida,304032.0,88
Cass, North Dakota,292936.0,14
Logan, Arkansas,120481.0,20
Somervell, Texas,380018.0,7
Osceola, Florida,396324.0,836
Lawrence, Alabama,170269.0,71
Mckenzie, North Dakota,304332.0,19
Humboldt, Iowa,145401.0,3
Goliad, Texas,299688.0,16
Oneida, New York,199803.0,133
Ashtabula, Ohio,156007.0,42
Wheeler, Georgia,115922.0,6
Washtenaw, Michigan,377985.0,558
Howard, Maryland,568268.0,0
Rutherford, Tennessee,412255.0,263
Jefferson, Pennsylvania,117992.0,1
Lyon, Minnesota,202621.0,5
Taylor, Iowa,107818.0,3
Williamson, Texas,500699.0,184
Fairfield, Ohio,321363.0,38
Jackson, Ohio,122096.0,22
Martin, Minnesota,162298.0,3
Franklin, Florida,435119.0,22
Hansford, Texas,125339.0,0
Adams, North Dakota,131751.0,1
Montgomery, Tennessee,307720.0,81
Ellis, Texas,383697.0,182
Morrison, Minnesota,270892.0,6
Ray, Missouri,209941.0,76
Choctaw, Oklahoma,81382.0,62
Morris, Texas,129600.0,10
Schuylkill, Pennsylvania,131610.0,0
Franklin, Missouri,243472.0,79
La Plata, Colorado,674578.0,45
Randolph, Missouri,140135.0,14
Pemiscot, Missouri,100240.0,25
Payne, Oklahoma,191579.0,34
Gallatin, Kentucky,167728.0,0
Hamlin, South Dakota,200242.0,6
Ravalli, Montana,591903.0,53
Mayes, Oklahoma,173387.0,42
Hardin, Ohio,157140.0,5
Bay, Michigan,153699.0,72
Ashland, Ohio,201171.0,35
Butte, California,413973.0,161
Johnson, Indiana,299577.0,63
Laurel, Kentucky,165639.0,49
Union, Illinois,116558.0,22
Clarke, Virginia,510871.0,4
Sabine, Texas,176463.0,36
Montmorency, Michigan,145146.0,2
Wabaunsee, Kansas,216963.0,7
Miller, Arkansas,145384.0,24
Douglas, Wisconsin,220213.0,11
Garvin, Oklahoma,106726.0,29
Burlington, New Jersey,345135.0,0
Sussex, New Jersey,371213.0,0
Madison, Indiana,166750.0,32
Darlington, South Carolina,126173.0,425
Finney, Kansas,241970.0,30
Cleveland, Arkansas,121324.0,11
Bonneville, Idaho,416221.0,112
Grafton, New Hampshire,362807.0,1
Lyon, Kansas,149331.0,16
Andrew, Missouri,227413.0,13
Scurry, Texas,137363.0,4
Custer, South Dakota,369145.0,14
Arapahoe, Colorado,565564.0,305
Clark, Washington,541383.0,331
San Benito, California,840122.0,51
Cooke, Texas,295592.0,48
Mccurtain, Oklahoma,115877.0,12
Androscoggin, Maine,295797.0,12
Madison, Tennessee,201482.0,125
Austin, Texas,368925.0,13
Freestone, Texas,180455.0,10
Trigg, Kentucky,194881.0,12
Yellowstone, Montana,372133.0,92
Putnam, West Virginia,207827.0,161
San Miguel, New Mexico,216805.0,0
Turner, South Dakota,237597.0,10
Wood, Wisconsin,175505.0,12
Stutsman, North Dakota,203031.0,4
Hamilton, Tennessee,314180.0,282
Baldwin, Georgia,208320.0,200
Lincoln, Tennessee,206247.0,139
Douglas, Illinois,136343.0,4
Monmouth, New Jersey,633249.0,4
Stanislaus, California,455118.0,398
Snyder, Pennsylvania,234659.0,2
Blaine, Idaho,993961.0,5
Sevier, Arkansas,137280.0,24
Box Butte, Nebraska,143723.0,1
Kane, Illinois,315929.0,67
Erie, Ohio,206020.0,3
Kanawha, West Virginia,134638.0,338
Wichita, Texas,147269.0,12
Cerro Gordo, Iowa,163711.0,11
Hendry, Florida,228817.0,134
Hempstead, Arkansas,93617.0,35
Monroe, Alabama,114954.0,39
Stewart, Tennessee,211317.0,28
Valley, Idaho,624904.0,8
Beaverhead, Montana,363577.0,6
Vermilion, Illinois,89701.0,70
Nelson, Kentucky,238471.0,18
Heard, Georgia,198549.0,13
Pawnee, Nebraska,116113.0,3
Brantley, Georgia,168506.0,27
Menard, Illinois,193970.0,7
Tippecanoe, Indiana,252301.0,45
Pulaski, Kentucky,205590.0,34
Dimmit, Texas,138613.0,17
Lee, Arkansas,64443.0,1
Monroe, Iowa,146375.0,7
Rappahannock, Virginia,529169.0,2
Washington, Utah,556840.0,26
Stoddard, Missouri,132434.0,17
Davison, South Dakota,232822.0,3
Patrick, Virginia,155073.0,35
Gogebic, Michigan,127988.0,8
Monroe, Kentucky,111999.0,0
Anderson, Kansas,150491.0,6
Van Buren, Tennessee,185980.0,7
Linn, Iowa,209276.0,33
Jackson, Illinois,137531.0,31
Whiteside, Illinois,128595.0,24
Washington, Iowa,194108.0,31
Kaufman, Texas,356597.0,116
Columbia, Wisconsin,297671.0,30
Thomas, Georgia,208173.0,53
Tazewell, Virginia,123179.0,41
Logan, West Virginia,104488.0,133
Orleans, New York,154013.0,18
Clinton, Indiana,168038.0,13
Sierra, New Mexico,130542.0,13
Midland, Michigan,215018.0,51
Benewah, Idaho,328068.0,24
Woodruff, Arkansas,60140.0,4
Madison, Kentucky,250299.0,10
Genesee, New York,187214.0,57
Laclede, Missouri,185897.0,27
Milam, Texas,221369.0,12
Kingfisher, Oklahoma,189271.0,8
Burnett, Wisconsin,238714.0,27
Oregon, Missouri,152565.0,33
Big Horn, Wyoming,241991.0,7
Allen, Ohio,166326.0,30
Marion, Tennessee,203288.0,66
Jersey, Illinois,158174.0,14
Humboldt, Nevada,340952.0,15
Nowata, Oklahoma,106199.0,7
Cecil, Maryland,330012.0,59
Marion, Kentucky,157962.0,2
Nueces, Texas,219550.0,49
Lee, Alabama,285008.0,420
Ford, Kansas,160261.0,23
Butler, Alabama,105245.0,33
Madison, Arkansas,166621.0,39
Mathews, Virginia,327639.0,2
Carson, Texas,153514.0,9
Stark, Ohio,188349.0,122
Imperial, California,341854.0,137
Carroll, Virginia,172223.0,20
Wheeler, Texas,108362.0,5
Highland, Virginia,249858.0,1
Fayette, Kentucky,283889.0,0
Sangamon, Illinois,173296.0,149
Raleigh, West Virginia,113047.0,104
Crow Wing, Minnesota,328276.0,33
Fremont, Wyoming,306658.0,16
Lawrence, South Dakota,358630.0,3
Yates, New York,235932.0,17
Overton, Tennessee,196510.0,8
Morgan, Tennessee,166436.0,54
Mason, Kentucky,132289.0,11
Barton, Missouri,142154.0,26
Mineral, Montana,339377.0,3
Pickens, South Carolina,279680.0,297
Montgomery, Pennsylvania,429879.0,0
Black Hawk, Iowa,173205.0,26
Washington, Missouri,163468.0,72
Mills, Iowa,241429.0,21
Loudoun, Virginia,724482.0,319
Rice, Minnesota,325798.0,14
Cassia, Idaho,323563.0,45
New Kent, Virginia,387469.0,25
Franklin, Iowa,121604.0,1
Bon Homme, South Dakota,153476.0,2
Utah, Utah,581394.0,56
Sandoval, New Mexico,341105.0,122
Bastrop, Texas,428409.0,178
Henry, Iowa,161178.0,16
Cook, Illinois,316080.0,182
Washington, Arkansas,307078.0,198
Jackson, Michigan,204501.0,205
Douglas, Georgia,324958.0,189
Franklin, Arkansas,137965.0,68
Cook, Georgia,140970.0,33
Oneida, Idaho,358318.0,6
Newaygo, Michigan,218599.0,81
Clinton, New York,193351.0,6
Talladega, Alabama,157664.0,96
Casey, Kentucky,144592.0,1
Stevens, Minnesota,178590.0,3
Gray, Kansas,204756.0,15
Pinellas, Florida,398969.0,647
Washington, Oregon,598400.0,338
Kenton, Kentucky,239832.0,1
Isle Of Wight, Virginia,388512.0,28
Pickens, Georgia,340649.0,74
Pend Oreille, Washington,385823.0,16
Johnson, Iowa,289032.0,70
Napa, California,918021.0,56
Natrona, Wyoming,281363.0,48
Monroe, Florida,1039937.0,191
Portage, Wisconsin,261146.0,39
Murray, Minnesota,194865.0,1
Bucks, Pennsylvania,458607.0,0
Sheboygan, Wisconsin,216188.0,36
Upshur, West Virginia,135618.0,4
King And Queen, Virginia,246545.0,11
Cumberland, Kentucky,128897.0,0
Jefferson, New York,190711.0,20
Oconee, Georgia,487043.0,27
Jefferson, Illinois,130584.0,48
Marshall, Oklahoma,131447.0,25
Conejos, Colorado,191642.0,4
Uvalde, Texas,202417.0,6
Carroll, Missouri,120512.0,5
Reynolds, Missouri,156493.0,7
Montgomery, Alabama,147788.0,115
Pottawattamie, Iowa,198382.0,64
Frederick, Virginia,379299.0,90
Gordon, Georgia,226243.0,104
Burke, Georgia,153073.0,40
Union, Iowa,116611.0,6
Childress, Texas,85038.0,3
Benson, North Dakota,107180.0,3
Mahoning, Ohio,149110.0,4
Pike, Kentucky,77354.0,3
Des Moines, Iowa,135688.0,7
Covington, Alabama,132265.0,4
Franklin, Alabama,124140.0,30
Fairfield, South Carolina,125577.0,180
Mercer, North Dakota,195909.0,5
Madison, Idaho,450350.0,20
Jackson, Florida,168489.0,147
Fannin, Texas,225488.0,53
Vernon, Missouri,140993.0,95
Mcintosh, Georgia,237936.0,29
Grundy, Iowa,191903.0,10
Grant, Oklahoma,100848.0,4
Windham, Vermont,366752.0,1
Sarasota, Florida,495207.0,502
Grant, Kentucky,209301.0,5
Hamilton, Ohio,239243.0,183
Henderson, Kentucky,164835.0,14
Waukesha, Wisconsin,385633.0,70
Buchanan, Missouri,150774.0,26
Ottawa, Oklahoma,105681.0,23
Lamar, Georgia,215822.0,8
Huerfano, Colorado,250281.0,15
Talbot, Georgia,157537.0,15
Quitman, Georgia,105449.0,5
Cheyenne, Colorado,154907.0,2
Armstrong, Texas,183083.0,5
Travis, Texas,606822.0,692
Middlesex, New Jersey,464336.0,0
Douglas, Oregon,335694.0,164
Cole, Missouri,228742.0,70
Cherokee, South Carolina,131401.0,101
Curry, New Mexico,202574.0,11
Lincoln, Mississippi,158933.0,14
Mercer, Missouri,102102.0,3
Ogle, Illinois,182022.0,15
Jackson, Tennessee,180846.0,23
Irwin, Georgia,146958.0,6
Hill, Texas,178849.0,31
Andrews, Texas,241714.0,13
Rockdale, Georgia,321164.0,171
Hocking, Ohio,198978.0,25
Moniteau, Missouri,195469.0,2
Cannon, Tennessee,246380.0,29
Multnomah, Oregon,531213.0,124
Columbia, Georgia,299283.0,67
Crittenden, Kentucky,110512.0,1
Iowa, Iowa,208415.0,17
Franklin, Kentucky,217491.0,28
Asotin, Washington,341558.0,16
Butler, Iowa,167450.0,2
Hardy, West Virginia,159555.0,13
Harris, Texas,290111.0,8994
Brevard, Florida,367584.0,729
Canadian, Oklahoma,246201.0,10
Orangeburg, South Carolina,136621.0,335
Bedford, Pennsylvania,192795.0,0
Jefferson, Texas,151554.0,39
Wright, Minnesota,370163.0,126
Randolph, Illinois,115880.0,1
Meeker, Minnesota,234811.0,18
Sublette, Wyoming,383953.0,10
Potter, Texas,139086.0,39
Van Wert, Ohio,147545.0,17
Ballard, Kentucky,116871.0,5
Ada, Idaho,521877.0,241
Larue, Kentucky,175126.0,1
Iron, Utah,424944.0,26
Warren, Mississippi,164380.0,12
Winneshiek, Iowa,237612.0,8
Bath, Kentucky,124559.0,0
Shelby, Tennessee,227427.0,579
Peoria, Illinois,129577.0,114
Carroll, Arkansas,207667.0,44
Craig, Oklahoma,155207.0,14
Red River, Texas,112747.0,10
Mclean, Kentucky,122907.0,6
Laurens, South Carolina,177131.0,301
Mercer, West Virginia,99014.0,88
Brookings, South Dakota,276575.0,12
Accomack, Virginia,247844.0,37
Atchison, Missouri,113798.0,5
Georgetown, South Carolina,375616.0,178
Greene, Virginia,363158.0,15
Benton, Minnesota,291593.0,14
Union, South Carolina,85820.0,71
Buchanan, Virginia,79531.0,54
Willacy, Texas,103611.0,53
Swift, Minnesota,155141.0,1
Sweet Grass, Montana,496637.0,8
Kent, Michigan,307096.0,364
Pulaski, Missouri,198644.0,87
Sevier, Utah,332544.0,7
Winnebago, Illinois,159079.0,118
Taylor, Kentucky,147942.0,7
Shelby, Iowa,167938.0,6
Valencia, New Mexico,257457.0,381
White, Georgia,297050.0,34
Hancock, Tennessee,136266.0,5
Bradley, Tennessee,279401.0,217
Belmont, Ohio,151260.0,34
Kay, Oklahoma,88345.0,24
Wyoming, Pennsylvania,224006.0,0
Vanderburgh, Indiana,180033.0,89
Dunn, Wisconsin,254832.0,18
Bullock, Alabama,87498.0,6
Cook, Minnesota,349008.0,11
Muskingum, Ohio,176908.0,59
Hockley, Texas,164551.0,11
Butler, Kentucky,146697.0,2
Boise, Idaho,464990.0,10
Pickett, Tennessee,194596.0,9
Bell, Texas,272495.0,70
Cedar, Missouri,169160.0,29
San Diego, California,881973.0,1486
Sebastian, Arkansas,163494.0,62
Harvey, Kansas,172718.0,23
Jefferson, Oregon,373162.0,13
Edmonson, Kentucky,151453.0,3
Pope, Minnesota,274288.0,3
Calhoun, Georgia,78637.0,1
Miller, Georgia,148461.0,1
El Paso, Texas,202382.0,281
Adams, Colorado,525623.0,549
Spotsylvania, Virginia,397104.0,226
Kennebec, Maine,279454.0,24
Wise, Texas,380176.0,93
Amelia, Virginia,281268.0,22
Washington, Idaho,339358.0,14
Lamar, Texas,175786.0,29
Saguache, Colorado,265974.0,0
Mohave, Arizona,379373.0,172
Rockingham, Virginia,331963.0,40
Okmulgee, Oklahoma,98350.0,31
Clark, Arkansas,123058.0,12
Taylor, Florida,174893.0,180
Hubbard, Minnesota,286225.0,13
Perry, Missouri,205235.0,14
Murray, Oklahoma,128294.0,3
Lyon, Iowa,193122.0,11
Power, Idaho,316412.0,2
Dawson, Georgia,419499.0,36
Lafayette, Florida,216760.0,35
Wilkin, Minnesota,202438.0,4
Rhea, Tennessee,228603.0,63
Dakota, Nebraska,214447.0,19
Hamilton, New York,276603.0,1
Ingham, Michigan,197133.0,144
Paulding, Georgia,355649.0,180
Bedford, Virginia,329042.0,64
Columbia, New York,395132.0,30
Cumberland, Tennessee,284012.0,26
Wakulla, Florida,279312.0,88
Dallas, Texas,328463.0,43
Bibb, Alabama,181691.0,3
Metcalfe, Kentucky,118948.0,4
Desoto, Mississippi,294600.0,28
Skagit, Washington,570944.0,119
Coffee, Alabama,178875.0,23
Clarendon, South Carolina,162479.0,105
Chester, Tennessee,184810.0,23
Bledsoe, Tennessee,176111.0,1
Weld, Colorado,533134.0,150
Mercer, Kentucky,194559.0,3
Fulton, Arkansas,162312.0,35
Brown, Kansas,125123.0,10
Butler, Missouri,150597.0,98
Webster, Iowa,121965.0,46
Marshall, West Virginia,114013.0,33
Carroll, Maryland,447066.0,126
Hall, Nebraska,225582.0,23
Washington, Texas,351283.0,26
Vernon, Wisconsin,217000.0,5
Jasper, Georgia,251072.0,61
La Crosse, Wisconsin,270574.0,22
Waldo, Maine,299219.0,13
Peach, Georgia,202326.0,23
Bayfield, Wisconsin,262900.0,15
Decatur, Iowa,99655.0,7
Union, Ohio,372131.0,24
Marlboro, South Carolina,78571.0,92
Ashland, Wisconsin,156804.0,21
Cache, Utah,480166.0,28
Ontario, New York,263019.0,37
Juneau, Wisconsin,182303.0,37
Gray, Texas,87704.0,11
Maui, Hawaii,1104919.0,446
Mesa, Colorado,393727.0,216
Greene, New York,312092.0,6
Iosco, Michigan,142517.0,2
Magoffin, Kentucky,69358.0,1
Rock Island, Illinois,135702.0,61
Pike, Alabama,157770.0,19
Mcculloch, Texas,127306.0,1
Navajo, Arizona,394798.0,85
Craighead, Arkansas,200955.0,51
Moore, Texas,180955.0,9
Green Lake, Wisconsin,211963.0,5
Mills, Texas,359521.0,2
Clallam, Washington,509690.0,60
Dyer, Tennessee,144686.0,41
Mccreary, Kentucky,78115.0,4
Shelby, Missouri,123450.0,0
Lincoln, Nevada,237579.0,5
Marion, Missouri,166969.0,8
Yell, Arkansas,124545.0,63
Monona, Iowa,117138.0,11
Mcclain, Oklahoma,246469.0,35
Pottawatomie, Kansas,296045.0,45
Carroll, Iowa,178406.0,3
Gem, Idaho,456026.0,9
Ocean, New Jersey,473965.0,0
Beltrami, Minnesota,245583.0,46
Pennington, Minnesota,208545.0,4
Washoe, Nevada,547091.0,175
Lawrence, Ohio,145662.0,62
Tillman, Oklahoma,47316.0,1
Gilpin, Colorado,578623.0,15
Benton, Washington,438079.0,60
Pennington, South Dakota,342267.0,119
Franklin, Washington,415510.0,21
Monroe, Wisconsin,231220.0,6
Madison, Nebraska,227693.0,12
Lewis, New York,171010.0,6
Kiowa, Oklahoma,64203.0,6
Powhatan, Virginia,414403.0,13
Cass, Illinois,94526.0,6
Levy, Florida,234966.0,447
Nez Perce, Idaho,406178.0,6
Lassen, California,255726.0,60
Benton, Iowa,208190.0,24
Fort Bend, Texas,392485.0,819
Putnam, New York,497872.0,19
Putnam, Tennessee,298961.0,98
Starke, Indiana,171665.0,18
Lancaster, South Carolina,392863.0,219
Gilmer, Georgia,365766.0,59
Le Sueur, Minnesota,319848.0,5
Arenac, Michigan,135856.0,25
Screven, Georgia,139460.0,39
Walton, Florida,753639.0,151
Nacogdoches, Texas,209867.0,63
Pecos, Texas,173680.0,6
Osceola, Iowa,123567.0,5
Ottawa, Kansas,156266.0,3
Blount, Alabama,265347.0,313
Breckinridge, Kentucky,154531.0,5
Jackson, Iowa,191230.0,3
Walsh, North Dakota,114065.0,13
Platte, Wyoming,275108.0,2
Bear Lake, Idaho,373503.0,0
Mineral, Nevada,135403.0,0
Scott, Iowa,202002.0,50
Taylor, Texas,193363.0,34
Pembina, North Dakota,111252.0,5
Berks, Pennsylvania,269702.0,0
Winnebago, Wisconsin,223874.0,16
Highland, Ohio,162807.0,28
Jasper, Texas,177751.0,100
Price, Wisconsin,160671.0,6
Osage, Oklahoma,163731.0,57
Ohio, Kentucky,147503.0,10
Torrance, New Mexico,161200.0,69
Millard, Utah,288309.0,25
Pushmataha, Oklahoma,150834.0,4
Macomb, Michigan,240068.0,323
Strafford, New Hampshire,412562.0,3
Marinette, Wisconsin,162128.0,13
Daviess, Indiana,200716.0,1
San Juan, Utah,307999.0,5
Lake, Montana,537590.0,109
Westmoreland, Virginia,291633.0,9
Brunswick, Virginia,165150.0,18
Candler, Georgia,172162.0,7
Charles City, Virginia,250856.0,17
Lincoln, South Dakota,373473.0,24
Wexford, Michigan,178383.0,43
Jackson, Arkansas,79649.0,24
Trinity, California,399696.0,75
Obion, Tennessee,138708.0,19
Manistee, Michigan,193352.0,27
Alpena, Michigan,146684.0,7
Saline, Missouri,139938.0,8
Conway, Arkansas,133461.0,50
Bamberg, South Carolina,105856.0,10
Bollinger, Missouri,144681.0,17
Fond Du Lac, Wisconsin,196180.0,24
Okeechobee, Florida,229943.0,132
York, Maine,468667.0,23
Stephens, Oklahoma,119163.0,16
Orange, Virginia,348187.0,11
Chester, South Carolina,153515.0,112
Fleming, Kentucky,129734.0,4
Rice, Kansas,92346.0,9
Gilchrist, Florida,269161.0,25
Lewis, Idaho,252733.0,2
Walla Walla, Washington,421529.0,47
Jefferson, Colorado,662694.0,218
Washington, Minnesota,419426.0,48
Saline, Arkansas,229666.0,167
Union, Kentucky,107072.0,4
Jefferson, Florida,267027.0,107
Pickaway, Ohio,265788.0,24
Pettis, Missouri,148886.0,27
Carlton, Minnesota,250480.0,17
Monterey, California,819118.0,243
Lapeer, Michigan,245746.0,60
Lea, New Mexico,226974.0,31
Jefferson, Idaho,475233.0,13
Dinwiddie, Virginia,243230.0,59
Atoka, Oklahoma,184209.0,3
Clay, Florida,372142.0,514
Charlotte, Florida,406039.0,360
Louisa, Virginia,332833.0,55
Long, Georgia,231454.0,20
